,name,type,System ,Line ,Angle,Head Rotation
0,T1,E LOCK SINGLE O-RING,Type 6,Tube 8x10 or 3/8in,STRAIGHT,
1,T2,E LOCK SINGLE O-RING,Type 6,Tube 8x10 or 3/8in,90Åã,
2,GA9,VDA,NW6,Tube 8x10 or 3/8in,STRAIGHT,
3,GA6,VDA,NW6,Tube 8x10 or 3/8in,STRAIGHT,
4,GA11,VDA,NW6,Tube 8x10 or 3/8in,90Åã,
5,GA10,VDA,NW6,Tube 8x10 or 3/8in,41.5Åã,90Åã
6,GA13,END PIECE,NW6,Tube 6x8 or 5/16in,STRAIGHT,
7,GA2,VDA,NW6,Tube 6x8 or 5/16in,90Åã,
8,GA1,VDA,NW6,Tube 6x8 or 5/16in,41.5Åã,90Åã
9,GA8,VDA,NW6,Hose 6,90Åã,270Åã
10,GA4,VDA BALL VALVE,NW6,Hose 10,STRAIGHT,
11,GA7,VDA,NW6,Hose 10,STRAIGHT,
12,GA3,VDA,NW6,Hose 10,90Åã,
13,GA12,VDA BALL VALVE,NW6,Hose 10,90Åã,
14,GA5,VDA,NW6,Hose 10,41.5Åã,90Åã
15,W1,STEELOCK SINGLE O-RING,NW55,Hose 55,STRAIGHT,
16,OB16,VDA,NW32,Hose 32,65Åã,170Åã
17,OB2,VDA,NW32,Hose 32,STRAIGHT,
18,OB13,VDA BLEED SCREW,NW32,Hose 32,90Åã,
19,OB12,VDA,NW32,Hose 32,90Åã,180Åã
20,OB9,VDA,NW32,Hose 32,65Åã,
21,OB6,VDA,NW32,Hose 32,4 WAY,345Åã
22,OB5,VDA,NW32,Hose 32,41Åã,270Åã
23,OB7,VDA,NW32,Hose 32,3 WAY,200Åã
24,OB8,VDA,NW32,Hose 32,30Åã,90Åã
25,OB15,VDA,NW32,Hose 32,30Åã,165Åã
26,OB14,VDA,NW32,Hose 28,90Åã,60Åã
27,OB11,VDA,NW32,Hose 28,90Åã,180Åã
28,OB10,VDA,NW32,Hose 28,60Åã,180Åã
29,XP2,VDA,NW26,Tube 25x29,STRAIGHT,
30,XP4,VDA,NW26,Hose 26,60Åã,170Åã
31,XP5,VDA,NW26,Tube 25x29,90Åã,
32,XP3,VDA,NW26,Hose 32,60Åã,
33,XP1,VDA,NW26,Hose 26,STRAIGHT,
34,XP8,END PIECE,NW26,Tube 25x29,STRAIGHT,
35,XP7,END PIECE,NW26,Hose 26,STRAIGHT,
36,XA8,VDA,NW20,Tube 16x18 or 3/4in,STRAIGHT,
37,XA11,VDA,NW20,Tube 16x18 or 3/4in,90Åã,
38,XA12,VDA,NW20,Tube 16x18 or 3/4in,90Åã,270Åã
39,XA9,VDA,NW20,Tube 16x18 or 3/4in,45Åã,90Åã
40,XA10,VDA,NW20,Tube 16x18 or 3/4in,45Åã,270Åã
41,XA2,VDA,NW20,Hose 20,STRAIGHT,
42,XA13,VDA,NW20,Hose 20,90Åã,
43,XA3,VDA,NW20,Tube 16.5x18.5,STRAIGHT,
44,XA5,VDA,NW20,Tube 16.5x18.5,45Åã,
45,XA4,VDA,NW20,Tube 16.5x18.5,3 WAY,90Åã
46,XA6,VDA WITH MALE END FORM,NW20,Tube 16.5x18.5,3 WAY,270Åã
47,XA1,END PIECE,NW20,Hose 20,STRAIGHT,
48,XA7,END PIECE,NW20,Hose 20,STRAIGHT,
49,NB74,VDA,NW16,Tube 16x18 or 3/4in,STRAIGHT,
50,NB34,VDA,NW16,Tube 16x18 or 3/4in,90Åã,
51,NB77,VDA,NW16,Tube 16x18 or 3/4in,90Åã,180Åã
52,NB75,VDA,NW16,Tube 16x18 or 3/4in,45Åã,
53,NB78,VDA,NW16,Tube 16x18 or 3/4in,45Åã,90Åã
54,NB79,VDA,NW16,Tube 16x18 or 3/4in,45Åã,270Åã
55,NB76,VDA,NW16,Tube 16x18 or 3/4in,45Åã,180Åã
56,NB64,VDA,NW16,Tube 16.5x18.5,90Åã,90Åã
57,NB70,VDA,NW16,Tube 16.5x18.5,90Åã,225Åã
58,NB62,VDA,NW16,Tube 16.5x18.5,90Åã,130Åã
59,NB55,VDA,NW16,Tube 16.5x18.5,45Åã,60Åã
60,NB56,VDA,NW16,Tube 16.5x18.5,45Åã,140Åã
61,NB60,VDA,NW16,Tube 16.5x18.5,3 WAY,
62,NB59,VDA,NW16,Tube 16.5x18.5,37Åã,270Åã
63,NB66,VDA,NW16,Hose 19,STRAIGHT,
64,NB72,VDA TEMPERATURE SENSOR,NW16,Hose 19,STRAIGHT,
65,NB68,VDA,NW16,Hose 19,90Åã,
66,NB73,VDA TEMPERATURE SENSOR,NW16,Hose 19,55Åã,270Åã
67,NB67,VDA,NW16,Hose 19,45Åã,
68,NB69,VDA,NW16,Hose 19,3 WAY,180Åã
69,NB65,VDA TEMPERATURE SENSOR,NW16,Hose 19,30Åã,90Åã
70,NB1,VDA,NW16,Hose 16,STRAIGHT,
71,NB19,VDA,NW16,Hose 16,90Åã,
72,NB63,VDA,NW16,Hose 16,90Åã,15Åã
73,NB61,VDA BALL VALVE,NW16,Hose 16,90Åã,
74,NB71,VDA TEMPERATURE SENSOR,NW16,Hose 16,45Åã,
75,NB8,VDA,NW16,Hose 16,45Åã,
76,NB57,VDA,NW16,Hose 16,45Åã,90Åã
77,NB7,VDA,NW16,Hose 16,45Åã,180Åã
78,NB51,VDA,NW16,Hose 12,STRAIGHT,
79,NB14,VDA,NW16,Tube 16.5x18.5,STRAIGHT,
80,NB18,VDA,NW16,Tube 16.5x18.5,90Åã,
81,NB24,VDA,NW16,Tube 16.5x18.5,90Åã,
82,NB49,VDA,NW16,Tube 16.5x18.5,90Åã,270Åã
83,NB46,VDA,NW16,Tube 16.5x18.5,45Åã,
84,NB35,VDA,NW16,Tube 16x18 or 3/4in,55Åã,240Åã
85,NB48,END PIECE THREADED,NW16,M20x1.5,STRAIGHT,
86,NB32,VDA,NW16,Hose 8,3 WAY,270Åã
87,NB26,VDA,NW16,Hose 22,3 WAY,315Åã
88,NB16,VDA,NW16,Hose 20,90Åã,
89,NB47,VDA,NW16,Hose 20,4 WAY,90Åã
90,NB45,VDA,NW16,Hose 20,3 WAY,270Åã
91,NB17,VDA,NW16,Hose 20,3 WAY,180Åã
92,NB44,VDA,NW16,Hose 20,3 WAY,135Åã
93,NB2,VDA ANTI TWIST,NW16,Hose 18,STRAIGHT,
94,NB4,VDA ANTI TWIST,NW16,Hose 18,90Åã,270Åã
95,NB5,VDA,NW16,Hose 18,90Åã,270Åã
96,NB3,VDA,NW16,Hose 18,45Åã,270Åã
97,NB38,VDA BLEED SCREW,NW16,Hose 16,STRAIGHT,
98,NB12,VDA,NW16,Hose 16,90Åã,90Åã
99,NB25,VDA,NW16,Hose 16,90Åã,270Åã
100,NB41,VDA,NW16,Hose 16,90Åã,162Åã
101,NB40,VDA BLEED SCREW,NW16,Hose 16,90Åã,116.5Åã
102,NB28,VDA,NW16,Hose 16,80Åã,312Åã
103,NB10,VDA,NW16,Hose 16,75Åã,90Åã
104,NB58,VDA,NW16,Hose 16,45Åã,45Åã
105,NB27,VDA,NW16,Hose 16,45Åã,140Åã
106,NB39,VDA,NW16,Hose 16,3 WAY,90Åã
107,NB50,VDA,NW16,Hose 16,3 WAY,327Åã
108,NB21,VDA,NW16,Hose 16,3 WAY,270Åã
109,NB23,VDA,NW16,Hose 16,3 WAY,270Åã
110,NB43,VDA WITH MALE END FORM,NW16,Hose 16,3 WAY,270Åã
111,NB31,VDA BLEED SCREW,NW16,Hose 16,3 WAY,246Åã
112,NB42,VDA,NW16,Hose 16,35Åã,270Åã
113,NB36,VDA,NW16,Hose 12,45Åã,
114,NB37,VDA,NW16,Hose 12,3 WAY,187Åã
115,NB30,VDA,NW16,Hose 12,15Åã,140Åã
116,NB54,END PIECE,NW16,Tube 16.5x18.5,STRAIGHT,
117,NB53,END PIECE,NW16,Tube 16.5x18.5,3 WAY,
118,NB29,END PIECE,NW16,Tube 16x18 or 3/4in,STRAIGHT,
119,NB20,END PIECE,NW16,Hose 16,STRAIGHT,
120,NB52,END PIECE,NW16,Hose 16,STRAIGHT,
121,NB13,END PIECE,NW16,,3 WAY,
122,MA8,VDA,NW14 (17.50),Tube 16x18 or 3/4in,STRAIGHT,
123,MA11,VDA,NW14 (17.50),Tube 16x18 or 3/4in,90Åã,
124,MA12,VDA,NW14 (17.50),Tube 16x18 or 3/4in,90Åã,90Åã
125,MA10,VDA,NW14 (17.50),Tube 16x18 or 3/4in,90Åã,180Åã
126,MA13,VDA,NW14 (17.50),Tube 16x18 or 3/4in,90Åã,110Åã
127,MA9,VDA,NW14 (17.50),Tube 16x18 or 3/4in,45Åã,90Åã
128,MA5,VDA,NW14 (17.50),Hose 20,90Åã,
129,MA1,VDA,NW14 (17.50),Tube 14x16 or 5/8in,STRAIGHT,
130,MA3,VDA,NW14 (17.50),Tube 14x16 or 5/8in,90Åã,
131,MA6,END PIECE THREADED,NW14 (17.50),M18x1.5,STRAIGHT,
132,MA2,VDA,NW14 (17.50),Hose 15,STRAIGHT,
133,MA7,END PIECE,NW14 (17.50),Tube 16x18 or 3/4in,STRAIGHT,
134,JA29,VDA,NW12,Tube 16x18 or 3/4in,STRAIGHT,
135,JA30,VDA,NW12,Tube 16x18 or 3/4in,45Åã,270Åã
136,JA20,VDA,NW12,Tube 16.5x18.5,STRAIGHT,
137,JA21,VDA,NW12,Tube 16.5x18.5,90Åã,90Åã
138,JA23,VDA,NW12,Tube 14x16 or 5/8in,90Åã,
139,JA24,VDA,NW12,Tube 14x16 or 5/8in,3 WAY,90Åã
140,JA26,VDA,NW12,Hose 16,STRAIGHT,
141,JA2,VDA,NW12,Hose 12,STRAIGHT,
142,JA7,VDA,NW12,Hose 12,45Åã,
143,JA9,VDA,NW12,Tube 12x14 or 1/2in,STRAIGHT,
144,JA10,VDA,NW12,Tube 12x14 or 1/2in,90Åã,
145,JA11,VDA,NW12,Tube 12x14 or 1/2in,45Åã,
146,JA22,END PIECE THREADED,NW12,M18x1.5,STRAIGHT,
147,JA28,END PIECE,NW12,Hose 12,STRAIGHT,
148,JA5,VDA,NW12,Hose 12,90Åã,
149,JA14,VDA,NW12,Hose 12,90Åã,97Åã
150,JA8,VDA,NW12,Hose 12,90Åã,90Åã
151,JA4,VDA,NW12,Hose 12,90Åã,270Åã
152,JA13,VDA,NW12,Hose 12,90Åã,180Åã
153,JA6,VDA,NW12,Hose 12,90Åã,126.5Åã
154,JA12,VDA,NW12,Hose 12,90Åã,105Åã
155,JA15,VDA,NW12,Hose 12,70Åã,
156,JA16,VDA,NW12,Hose 12,60Åã,315Åã
157,JA25,VDA,NW12,Hose 12,45Åã,180Åã
158,JA18,VDA,NW12,Hose 12,40Åã,305Åã
159,JA17,VDA,NW12,Hose 12,40Åã,270Åã
160,JA19,VDA,NW12,Hose 12,20Åã,270Åã
161,JA27,VDA END CAP,NW12,,,
162,P8,E LOCK,DN6,Tube 8x10 or 3/8in,STRAIGHT,
163,P1,E LOCK SINGLE O-RING,DN6,Tube 4x6 or 6x8,STRAIGHT,
164,P2,E LOCK SINGLE O-RING,DN6,Tube 4x6 or 6x8,90Åã,
165,P4,E LOCK SINGLE O-RING,DN6,Tube 4x6 or 6x8,90Åã,
166,P5,E LOCK BALL VALVE SINGLE O-RING,DN6,Tube 4x6 or 6x8,90Åã,
167,P6,E LOCK SINGLE O-RING,DN6,Hose 8,90Åã,
168,R8,2 BUTTON SINGLE O-RING,DN18,Hose 21,90Åã,
169,R1,2 BUTTON SINGLE O-RING,DN18,Hose 20,STRAIGHT,
170,R4,2 BUTTON SINGLE O-RING,DN18,Hose 20,STRAIGHT,
171,R6,2 BUTTON SINGLE O-RING,DN18,Hose 20,90Åã,90Åã
172,R2,2 BUTTON SINGLE O-RING,DN18,Hose 20,90Åã,
173,R3,2 BUTTON MANUAL DRAIN SINGLE O-RING,DN18,Hose 20,90Åã,
174,R7,2 BUTTON SINGLE O-RING,DN18,Hose 16,STRAIGHT,
175,Q1,2 BUTTON SINGLE O-RING,DN14,Tube 16x18 or 3/4in,STRAIGHT,
176,Q3,2 BUTTON SINGLE O-RING,DN14,Hose 17.5,STRAIGHT,
177,Q2,2 BUTTON SINGLE O-RING,DN14,Hose 17,STRAIGHT,
178,F97,SELFY,9.89,Tube 8x10 or 3/8in,STRAIGHT,
179,F98,SELFY,9.89,Tube 8x10 or 3/8in,90Åã,
180,F100,SELFY,9.89,Tube 6x8 or 5/16in,STRAIGHT,
181,F99,SELFY,9.89,Tube 6x8 or 5/16in,45Åã,
182,F29,2 BUTTON,9.89,Tube 9x12,STRAIGHT,
183,F72,2 BUTTON PRESSURE REGULATOR,9.89,Tube 9x12,STRAIGHT,
184,F30,2 BUTTON,9.89,Tube 9x12,90Åã,
185,F70,2 BUTTON PRESSURE REGULATOR,9.89,Tube 9x12,90Åã,
186,F31,2 BUTTON,9.89,Tube 9x12,45Åã,
187,F3,2 BUTTON,9.89,Tube 8x10 or 3/8in,STRAIGHT,
188,F50,2 BUTTON,9.89,Tube 8x10 or 3/8in,STRAIGHT,
189,F4,2 BUTTON,9.89,Tube 8x10 or 3/8in,90Åã,
190,F101,2 BUTTON,9.89,Tube 8x10 or 3/8in,90Åã,90Åã
191,F41,2 BUTTON,9.89,Tube 8x10 or 3/8in,90Åã,
192,F39,2 BUTTON,9.89,Tube 8x10 or 3/8in,55Åã,
193,F64,2 BUTTON,9.89,Tube 8x10 or 3/8in,55Åã,
194,F35,2 BUTTON,9.89,Tube 8x10 or 3/8in,30Åã,
195,F75,2 BUTTON,9.89,Tube 8x10 or 3/8in,30Åã,
196,F1,2 BUTTON,9.89,Tube 6x8 or 5/16in,STRAIGHT,
197,F65,2 BUTTON,9.89,Tube 6x8 or 5/16in,STRAIGHT,
198,F2,2 BUTTON,9.89,Tube 6x8 or 5/16in,90Åã,
199,F49,2 BUTTON,9.89,Tube 6x8 or 5/16in,90Åã,
200,F36,2 BUTTON,9.89,Tube 6x8 or 5/16in,45Åã,
201,F71,2 BUTTON CALIBRATED VALVE,9.89,Tube 6x8 or 5/16in,3 WAY,
202,F5,2 BUTTON,9.89,Tube 10x12,STRAIGHT,
203,F95,2 BUTTON,9.89,Tube 10x12,STRAIGHT,
204,F6,2 BUTTON,9.89,Tube 10x12,90Åã,
205,F106,2 BUTTON,9.89,Tube 10x12,3 WAY,
206,F103,2 BUTTON,9.89,Hose 9.5,45Åã,
207,F51,2 BUTTON,9.89,Hose 9.5,45Åã,
208,F57,2 BUTTON,9.89,Hose 9.3,STRAIGHT,
209,F23,2 BUTTON,9.89,Hose 9.3,90Åã,
210,F25,2 BUTTON,9.89,Hose 7.5,STRAIGHT,
211,F26,2 BUTTON,9.89,Hose 7.5,90Åã,
212,F52,2 BUTTON CARTRIDGE,9.89,,STRAIGHT,
213,F105,2 BUTTON CARTRIDGE,9.89,,,
214,F58,2 BUTTON END CAP,9.89,,,
215,F11,1 BUTTON,9.89,Tube 8x10 or 3/8in,STRAIGHT,
216,F12,1 BUTTON,9.89,Tube 8x10 or 3/8in,90Åã,
217,F42,1 BUTTON,9.89,Tube 8x10 or 3/8in,3 WAY,
218,F90,1 BUTTON,9.89,Tube 6x8 or 5/16in,90Åã,
219,F14,1 BUTTON,9.89,Tube 10x12,90Åã,
220,F102,1 BUTTON,9.89,Hose 9.5,STRAIGHT,
221,F7,1 BUTTON,9.89,Hose 9.5,STRAIGHT,
222,F8,1 BUTTON,9.89,Hose 9.5,90Åã,
223,F83,1 BUTTON,9.89,Hose 9.5,90Åã,
224,F84,1 BUTTON,9.89,Hose 9.5,90Åã,
225,F63,1 BUTTON SHUT OFF VALVE,9.89,Hose 7.5,STRAIGHT,
226,F104,1 BUTTON SHUT OFF VALVE,9.89,Hose 7.5,STRAIGHT,
227,F17,END PIECE BIG SHOULDER,9.89,Tube 8x10 or 3/8in,STRAIGHT,
228,F73,END PIECE,9.89,Tube 8x10 or 3/8in,STRAIGHT,
229,F76,END PIECE,9.89,Tube 6x8 or 5/16in,STRAIGHT,
230,F43,END PIECE,9.89,Tube 10x12,STRAIGHT,
231,F45,END PIECE BIG SHOULDER,9.89,Tube 10x12,90Åã,
232,F18,END PIECE BIG SHOULDER,9.89,Hose 9.5,STRAIGHT,
233,F48,END PIECE,9.89,Hose 7.5,90Åã,
234,F86,END PIECE,9.89,Hose 7.3,STRAIGHT,
235,E99,SELFY SHUT OFF VALVE,9.49-3/8in,Tube 8x10 or 3/8in,STRAIGHT,
236,E96,SELFY,9.49-3/8in,Tube 8x10 or 3/8in,STRAIGHT,
237,E97,SELFY,9.49-3/8in,Tube 10x12,45Åã,270Åã
238,E59,P2L,9.49-3/8in,Tube 8x10 or 3/8in,STRAIGHT,
239,E60,P2L,9.49-3/8in,Tube 8x10 or 3/8in,90Åã,270Åã
240,E87,P2L,9.49-3/8in,Tube 8x10 or 3/8in,45Åã,270Åã
241,E70,P2L,9.49-3/8in,Tube 6x8 or 5/16in,STRAIGHT,
242,E75,P2L,9.49-3/8in,Tube 6x8 or 5/16in,90Åã,90Åã
243,E74,P2L,9.49-3/8in,Tube 6x8 or 5/16in,90Åã,270Åã
244,E101,METAL P2L,9.49-3/8in,Tube 8x10 or 3/8in,STRAIGHT,
245,E102,METAL P2L,9.49-3/8in,Tube 8x10 or 3/8in,90Åã,
246,E90,METAL P2L,9.49-3/8in,Hose 9.53-3/8in,STRAIGHT,
247,E81,METAL P2L,9.49-3/8in,Hose 9.53-3/8in,90Åã,235Åã
248,E89,METAL P2L,9.49-3/8in,Hose 9.53-3/8in,90Åã,
249,E93,METAL P2L,9.49-3/8in,Hose 9.53-3/8in,90Åã,
250,E85,METAL P2L,9.49-3/8in,Hose 9.53-3/8in,60Åã,180Åã
251,E84,METAL P2L,9.49-3/8in,Hose 9.53-3/8in,45Åã,
252,E95,CLICK P2L,9.49-3/8in,Tube 8x10 or 3/8in,STRAIGHT,
253,E94,CLICK P2L,9.49-3/8in,Tube 8x10 or 3/8in,90Åã,270Åã
254,E49,2 BUTTON,9.49-3/8in,Tube 8x10 or 3/8in,STRAIGHT,
255,E9,2 BUTTON,9.49-3/8in,Tube 8x10 or 3/8in,STRAIGHT,
256,E10,2 BUTTON,9.49-3/8in,Tube 8x10 or 3/8in,90Åã,
257,E78,2 BUTTON,9.49-3/8in,Tube 8x10 or 3/8in,90Åã,90Åã
258,E29,2 BUTTON,9.49-3/8in,Tube 6x8 or 5/16in,STRAIGHT,
259,E54,2 BUTTON ONE WAY VALVE,9.49-3/8in,Tube 6x8 or 5/16in,STRAIGHT,
260,E6,2 BUTTON,9.49-3/8in,Tube 6x8 or 5/16in,STRAIGHT,
261,E77,2 BUTTON SINGLE O-RING,9.49-3/8in,Tube 6x8 or 5/16in,STRAIGHT,
262,E30,2 BUTTON,9.49-3/8in,Tube 6x8 or 5/16in,90Åã,
263,E7,2 BUTTON,9.49-3/8in,Tube 6x8 or 5/16in,90Åã,
264,E8,2 BUTTON,9.49-3/8in,Tube 6x8 or 5/16in,90Åã,90Åã
265,E53,2 BUTTON,9.49-3/8in,Tube 6x8 or 5/16in,45Åã,90Åã
266,E42,2 BUTTON,9.49-3/8in,Tube 3.35x4.5,STRAIGHT,
267,E43,2 BUTTON,9.49-3/8in,Tube 3.35x4.5,90Åã,
268,E100,2 BUTTON LASER WELDING,9.49-3/8in,Tube 3x5,STRAIGHT,
269,E55,2 BUTTON,9.49-3/8in,Tube 12x14 or 1/2in,STRAIGHT,
270,E56,2 BUTTON,9.49-3/8in,Tube 12x14 or 1/2in,90Åã,
271,E98,2 BUTTON,9.49-3/8in,Tube 10x12,STRAIGHT,
272,E63,2 BUTTON,9.49-3/8in,Tube 10x12,STRAIGHT,
273,E38,2 BUTTON,9.49-3/8in,Tube 10x12,90Åã,
274,E72,2 BUTTON,9.49-3/8in,Tube 10x12,90Åã,
275,E73,2 BUTTON,9.49-3/8in,Tube 10x12,90Åã,
276,E64,2 BUTTON,9.49-3/8in,Tube 10x12,45Åã,
277,E33,2 BUTTON,9.49-3/8in,Hose 9.5,STRAIGHT,
278,E80,2 BUTTON,9.49-3/8in,Hose 9.5,STRAIGHT,
279,E83,2 BUTTON,9.49-3/8in,Hose 9.5,STRAIGHT,
280,E37,2 BUTTON,9.49-3/8in,Hose 9.5,90Åã,
281,E40,2 BUTTON,9.49-3/8in,Hose 9.5,90Åã,
282,E20,2 BUTTON,9.49-3/8in,Hose 7.5,STRAIGHT,
283,E26,2 BUTTON,9.49-3/8in,Hose 7.5,STRAIGHT,
284,E21,2 BUTTON,9.49-3/8in,Hose 7.5,90Åã,
285,E27,2 BUTTON,9.49-3/8in,Hose 7.5,90Åã,
286,E28,2 BUTTON,9.49-3/8in,Hose 7.5,65Åã,
287,E76,2 BUTTON,9.49-3/8in,Hose 7.5,45Åã,90Åã
288,E79,2 BUTTON,9.49-3/8in,Hose 7.5,45Åã,90Åã
289,E23,2 BUTTON,9.49-3/8in,Hose 5.5,STRAIGHT,
290,E24,2 BUTTON,9.49-3/8in,Hose 5.5,90Åã,
291,E25,2 BUTTON,9.49-3/8in,Hose 5.5,65Åã,
292,E57,2 BUTTON,9.49-3/8in,Hose 3.2,STRAIGHT,
293,E58,2 BUTTON,9.49-3/8in,Hose 3.2,90Åã,
294,E14,END PIECE BIG SHOULDER,9.49-3/8in,Tube 8x10 or 3/8in,STRAIGHT,
295,E69,END PIECE,9.49-3/8in,Tube 8x10 or 3/8in,STRAIGHT,
296,E34,END PIECE BIG SHOULDER,9.49-3/8in,Hose 9.5,STRAIGHT,
297,E71,END PIECE,9.49-3/8in,Hose 8,STRAIGHT,
298,D81,SELFY,8.00,Tube 8x10 or 3/8in,90Åã,
299,D79,SELFY,8.00,Tube 6x8 or 5/16in,STRAIGHT,
300,D80,SELFY,8.00,Tube 6x8 or 5/16in,90Åã,90Åã
301,D78,SELFY,8.00,Tube 6x8 or 5/16in,90Åã,270Åã
302,D86,METAL P2L,8.00,Tube 6x8 or 5/16in,STRAIGHT,
303,D77,METAL P2L,8.00,Tube 6x8 or 5/16in,90Åã,
304,D82,METAL P2L,8.00,Hose 7.94-5/16in,STRAIGHT,
305,D76,METAL P2L,8.00,Hose 7.94-5/16in,90Åã,
306,D85,METAL P2L,8.00,Hose 7.94-5/16in,60Åã,
307,D84,METAL P2L,8.00,Hose 7.94-5/16in,45Åã,90Åã
308,D83,METAL P2L,8.00,Hose 7.94-5/16in,45Åã,
309,D11,2 BUTTON,8.00,Tube 8x10 or 3/8in,STRAIGHT,
310,D57,2 BUTTON,8.00,Tube 8x10 or 3/8in,STRAIGHT,
311,D12,2 BUTTON,8.00,Tube 8x10 or 3/8in,90Åã,
312,D52,2 BUTTON,8.00,Tube 8x10 or 3/8in,90Åã,
313,D58,2 BUTTON,8.00,Tube 8x10 or 3/8in,65Åã,
314,D63,2 BUTTON,8.00,Tube 8x10 or 3/8in,65Åã,
315,D72,2 BUTTON,8.00,Tube 8x10 or 3/8in,45Åã,
316,D15,2 BUTTON SINGLE O-RING,8.00,Tube 6x8 or 5/16in,STRAIGHT,
317,D2,2 BUTTON,8.00,Tube 6x8 or 5/16in,STRAIGHT,
318,D31,2 BUTTON SHUT OFF VALVE,8.00,Tube 6x8 or 5/16in,STRAIGHT,
319,D42,2 BUTTON,8.00,Tube 6x8 or 5/16in,STRAIGHT,
320,D43,2 BUTTON FRICTION WELDING,8.00,Tube 6x8 or 5/16in,STRAIGHT,
321,D4,2 BUTTON,8.00,Tube 6x8 or 5/16in,90Åã,90Åã
322,D16,2 BUTTON SINGLE O-RING,8.00,Tube 6x8 or 5/16in,90Åã,
323,D3,2 BUTTON,8.00,Tube 6x8 or 5/16in,90Åã,
324,D40,2 BUTTON,8.00,Tube 6x8 or 5/16in,90Åã,
325,D44,2 BUTTON FRICTION WELDING,8.00,Tube 6x8 or 5/16in,90Åã,
326,D25,2 BUTTON,8.00,Tube 6x8 or 5/16in,65Åã,
327,D38,2 BUTTON,8.00,Tube 6x8 or 5/16in,65Åã,
328,D48,2 BUTTON,8.00,Tube 6x8 or 5/16in,65Åã,
329,D65,2 BUTTON FRICTION WELDING,8.00,Tube 6x8 or 5/16in,65Åã,
330,D41,2 BUTTON,8.00,Tube 6x8 or 5/16in,45Åã,
331,D67,2 BUTTON FRICTION WELDING,8.00,Tube 6x8 or 5/16in,45Åã,
332,D5,2 BUTTON WITH MALE END FORM,8.00,Tube 6x8 or 5/16in,3 WAY,
333,D60,2 BUTTON,8.00,Tube 6x8 or 5/16in,3 WAY,
334,D7,2 BUTTON,8.00,Tube 6x8 or 5/16in,3 WAY,
335,D8,2 BUTTON,8.00,Tube 6x8 or 5/16in,3 WAY,
336,D9,2 BUTTON WITH MALE END FORM,8.00,Tube 6x8 or 5/16in,3 WAY,
337,D37,2 BUTTON,8.00,Tube 6x8 or 5/16in,30Åã,
338,D26,2 BUTTON,8.00,Tube 4.5x6,STRAIGHT,
339,D23,2 BUTTON,8.00,Tube 4.5x6,90Åã,
340,D20,2 BUTTON,8.00,Tube 3.35x4.5,STRAIGHT,
341,D21,2 BUTTON,8.00,Tube 3.35x4.5,90Åã,
342,D27,2 BUTTON,8.00,Tube 10x12,STRAIGHT,
343,D18,2 BUTTON,8.00,Hose 7.3,STRAIGHT,
344,D19,2 BUTTON,8.00,Hose 7.3,90Åã,
345,D75,2 BUTTON,8.00,Hose 7.3,45Åã,
346,D87,2 BUTTON SINGLE O-RING,8.00,Hose 7.3,30Åã,
347,D49,2 BUTTON END CAP,8.00,,STRAIGHT,
348,D68,1 BUTTON,8.00,Hose 7.5,65Åã,
349,D17,END PIECE,8.00,Tube 6x8 or 5/16in,STRAIGHT,
350,D45,END PIECE LONG VERSION,8.00,Tube 6x8 or 5/16in,STRAIGHT,
351,D64,END PIECE,8.00,Tube 6x8 or 5/16in,STRAIGHT,
352,D69,END PIECE,8.00,Tube 6x8 or 5/16in,3 WAY,
353,C21,P2L LONG VERSION,7.89-5/16in /7.95,Tube 6x8 or 5/16in,STRAIGHT,
354,C23,P2L LONG VERSION,7.89-5/16in /7.95,Tube 6x8 or 5/16in,STRAIGHT,
355,C25,P2L LONG VERSION,7.89-5/16in /7.95,Tube 6x8 or 5/16in,90Åã,90Åã
356,C24,P2L LONG VERSION,7.89-5/16in /7.95,Tube 6x8 or 5/16in,90Åã,270Åã
357,C30,P2L LONG VERSION,7.89-5/16in /7.95,Tube 6x8 or 5/16in,45Åã,90Åã
358,C22,P2L LONG VERSION,7.89-5/16in /7.95,Tube 6x8 or 5/16in,45Åã,270Åã
359,C10,2 BUTTON,7.89-5/16in /7.95,Tube 8x10 or 3/8in,STRAIGHT,
360,C11,2 BUTTON,7.89-5/16in /7.95,Tube 8x10 or 3/8in,90Åã,
361,C1,2 BUTTON,7.89-5/16in /7.95,Tube 6x8 or 5/16in,STRAIGHT,
362,C17,2 BUTTON,7.89-5/16in /7.95,Tube 6x8 or 5/16in,90Åã,90Åã
363,C2,2 BUTTON,7.89-5/16in /7.95,Tube 6x8 or 5/16in,90Åã,
364,C16,2 BUTTON,7.89-5/16in /7.95,Tube 6x8 or 5/16in,45Åã,
365,C27,2 BUTTON,7.89-5/16in /7.95,Tube 6x8 or 5/16in,3 WAY,90Åã
366,C15,2 BUTTON,7.89-5/16in /7.95,Hose 7.3,90Åã,
367,C20,2 BUTTON,7.89-5/16in /7.95,Hose 5.5,STRAIGHT,
368,C18,2 BUTTON END CAP,7.89-5/16in /7.95,,STRAIGHT,
369,B186,SELFY,7.89-5/16in,Tube 8x10 or 3/8in,90Åã,
370,B178,SELFY,7.89-5/16in,Tube 6x8 or 5/16in,STRAIGHT,
371,B180,SELFY,7.89-5/16in,Tube 6x8 or 5/16in,STRAIGHT,
372,B181,SELFY,7.89-5/16in,Tube 6x8 or 5/16in,90Åã,90Åã
373,B185,SELFY,7.89-5/16in,Tube 6x8 or 5/16in,90Åã,90Åã
374,B179,SELFY,7.89-5/16in,Tube 6x8 or 5/16in,90Åã,270Åã
375,B184,SELFY,7.89-5/16in,Tube 6x8 or 5/16in,90Åã,270Åã
376,B189,SELFY,7.89-5/16in,Tube 6x8 or 5/16in,45Åã,
377,B190,SELFY,7.89-5/16in,Tube 6x8 or 5/16in,45Åã,
378,B182,SELFY,7.89-5/16in,Tube 6x8 or 5/16in,3 WAY,270Åã
379,B188,SELFY,7.89-5/16in,Tube 6x8 or 5/16in,3 WAY,270Åã
380,B183,SELFY SHUT OFF VALVE,7.89-5/16in,Hose 7.3,STRAIGHT,
381,B162,P2L,7.89-5/16in,Tube 8x10 or 3/8in,STRAIGHT,
382,B163,P2L,7.89-5/16in,Tube 8x10 or 3/8in,90Åã,270Åã
383,B134,P2L,7.89-5/16in,Tube 6x8 or 5/16in,STRAIGHT,
384,B133,P2L,7.89-5/16in,Tube 6x8 or 5/16in,90Åã,270Åã
385,B159,P2L WITH MALE END FORM,7.89-5/16in,Tube 6x8 or 5/16in,3 WAY,270Åã
386,B192,METAL P2L,7.89-5/16in,Tube 6x8 or 5/16in,STRAIGHT,
387,B174,METAL P2L,7.89-5/16in,Tube 6x8 or 5/16in,90Åã,
388,B191,METAL P2L,7.89-5/16in,Hose 7.94-5/16in,STRAIGHT,
389,B172,METAL P2L,7.89-5/16in,Hose 7.94-5/16in,90Åã,
390,B173,METAL P2L,7.89-5/16in,Hose 7.94-5/16in,90Åã,
391,B194,METAL P2L,7.89-5/16in,Hose 7.94-5/16in,60Åã,
392,B193,METAL P2L,7.89-5/16in,Hose 7.94-5/16in,45Åã,
393,B176,CLICK P2L,7.89-5/16in,Tube 6x8 or 5/16in,STRAIGHT,
394,B175,CLICK P2L,7.89-5/16in,Tube 6x8 or 5/16in,90Åã,270Åã
395,B16,2 BUTTON,7.89-5/16in,Tube 8x10 or 3/8in,STRAIGHT,
396,B25A,2 BUTTON,7.89-5/16in,Tube 8x10 or 3/8in,STRAIGHT,
397,B17,2 BUTTON,7.89-5/16in,Tube 8x10 or 3/8in,90Åã,
398,B18,2 BUTTON CALIBRATED VALVE,7.89-5/16in,Tube 8x10 or 3/8in,90Åã,
399,B25B,2 BUTTON,7.89-5/16in,Tube 8x10 or 3/8in,90Åã,
400,B137,2 BUTTON,7.89-5/16in,Tube 8x10 or 3/8in,65Åã,
401,B146,2 BUTTON,7.89-5/16in,Tube 8x10 or 3/8in,65Åã,
402,B157,2 BUTTON,7.89-5/16in,Tube 8x10 or 3/8in,45Åã,
403,B113,2 BUTTON,7.89-5/16in,Tube 8x10 or 3/8in,3 WAY,
404,B21,2 BUTTON,7.89-5/16in,Tube 6x8 or 5/16in,STRAIGHT,
405,B105,2 BUTTON,7.89-5/16in,Tube 6x8 or 5/16in,STRAIGHT,
406,B12A,2 BUTTON SHUT OFF VALVE,7.89-5/16in,Tube 6x8 or 5/16in,STRAIGHT,
407,B13,2 BUTTON,7.89-5/16in,Tube 6x8 or 5/16in,STRAIGHT,
408,B24,2 BUTTON SHUT OFF VALVE,7.89-5/16in,Tube 6x8 or 5/16in,STRAIGHT,
409,B33,2 BUTTON SINGLE O-RING,7.89-5/16in,Tube 6x8 or 5/16in,STRAIGHT,
410,B35,2 BUTTON SINGLE O-RING,7.89-5/16in,Tube 6x8 or 5/16in,STRAIGHT,
411,B40,2 BUTTON SINGLE O-RING,7.89-5/16in,Tube 6x8 or 5/16in,STRAIGHT,
412,B6,2 BUTTON,7.89-5/16in,Tube 6x8 or 5/16in,STRAIGHT,
413,B73,2 BUTTON,7.89-5/16in,Tube 6x8 or 5/16in,STRAIGHT,
414,B94,2 BUTTON FRICTION WELDING,7.89-5/16in,Tube 6x8 or 5/16in,STRAIGHT,
415,B22,2 BUTTON,7.89-5/16in,Tube 6x8 or 5/16in,90Åã,
416,B115,2 BUTTON,7.89-5/16in,Tube 6x8 or 5/16in,90Åã,90Åã
417,B64,2 BUTTON,7.89-5/16in,Tube 6x8 or 5/16in,90Åã,90Åã
418,B8,2 BUTTON,7.89-5/16in,Tube 6x8 or 5/16in,90Åã,90Åã
419,B106,2 BUTTON,7.89-5/16in,Tube 6x8 or 5/16in,90Åã,
420,B14,2 BUTTON,7.89-5/16in,Tube 6x8 or 5/16in,90Åã,
421,B145,2 BUTTON ONE WAY VALVE,7.89-5/16in,Tube 6x8 or 5/16in,90Åã,
422,B34,2 BUTTON SINGLE O-RING,7.89-5/16in,Tube 6x8 or 5/16in,90Åã,
423,B36,2 BUTTON SINGLE O-RING,7.89-5/16in,Tube 6x8 or 5/16in,90Åã,
424,B41,2 BUTTON SINGLE O-RING,7.89-5/16in,Tube 6x8 or 5/16in,90Åã,
425,B7,2 BUTTON,7.89-5/16in,Tube 6x8 or 5/16in,90Åã,
426,B74,2 BUTTON,7.89-5/16in,Tube 6x8 or 5/16in,90Åã,
427,B96,2 BUTTON FRICTION WELDING,7.89-5/16in,Tube 6x8 or 5/16in,90Åã,
428,B108,2 BUTTON,7.89-5/16in,Tube 6x8 or 5/16in,65Åã,
429,B142,2 BUTTON FRICTION WELDING,7.89-5/16in,Tube 6x8 or 5/16in,65Åã,
430,B165,2 BUTTON,7.89-5/16in,Tube 6x8 or 5/16in,65Åã,
431,B187,2 BUTTON,7.89-5/16in,Tube 6x8 or 5/16in,65Åã,
432,B63,2 BUTTON,7.89-5/16in,Tube 6x8 or 5/16in,65Åã,
433,B99,2 BUTTON,7.89-5/16in,Tube 6x8 or 5/16in,65Åã,
434,B107,2 BUTTON,7.89-5/16in,Tube 6x8 or 5/16in,45Åã,
435,B144,2 BUTTON FRICTION WELDING,7.89-5/16in,Tube 6x8 or 5/16in,45Åã,
436,B22A,2 BUTTON,7.89-5/16in,Tube 6x8 or 5/16in,45Åã,
437,B71,2 BUTTON WITH MALE END FORM,7.89-5/16in,Tube 6x8 or 5/16in,3 WAY,
438,B10,2 BUTTON,7.89-5/16in,Tube 6x8 or 5/16in,3 WAY,
439,B100,2 BUTTON WITH MALE END FORM,7.89-5/16in,Tube 6x8 or 5/16in,3 WAY,
440,B11,2 BUTTON,7.89-5/16in,Tube 6x8 or 5/16in,3 WAY,
441,B12,2 BUTTON WITH MALE END FORM,7.89-5/16in,Tube 6x8 or 5/16in,3 WAY,
442,B169,2 BUTTON,7.89-5/16in,Tube 6x8 or 5/16in,3 WAY,
443,B23,2 BUTTON,7.89-5/16in,Tube 6x8 or 5/16in,3 WAY,
444,B38A,2 BUTTON WITH MALE END FORM,7.89-5/16in,Tube 6x8 or 5/16in,3 WAY,
445,B9A,2 BUTTON,7.89-5/16in,Tube 6x8 or 5/16in,30Åã,
446,B25,2 BUTTON SCHRADER VALVE,7.89-5/16in,Tube 6x8 or 5/16in,,
447,B11A,2 BUTTON WITH MALE END FORM,7.89-5/16in,Tube 6x8,3 WAY,
448,B114,2 BUTTON,7.89-5/16in,Tube 4.5x6,STRAIGHT,
449,B4,2 BUTTON,7.89-5/16in,Tube 4.5x6,STRAIGHT,
450,B5,2 BUTTON,7.89-5/16in,Tube 4.5x6,90Åã,
451,B93,2 BUTTON,7.89-5/16in,Tube 4.5x6,90Åã,
452,B1,2 BUTTON,7.89-5/16in,Tube 3.35x4.5,STRAIGHT,
453,B97,2 BUTTON,7.89-5/16in,Tube 3.35x4.5,STRAIGHT,
454,B2,2 BUTTON,7.89-5/16in,Tube 3.35x4.5,90Åã,
455,B98,2 BUTTON,7.89-5/16in,Tube 3.35x4.5,90Åã,
456,B167,2 BUTTON WITH MALE END FORM,7.89-5/16in,Tube 37x43,3 WAY,
457,B19,2 BUTTON,7.89-5/16in,Tube 10x12,STRAIGHT,
458,B26,2 BUTTON,7.89-5/16in,Tube 10x12,STRAIGHT,
459,B28,2 BUTTON,7.89-5/16in,Hose 7.3,STRAIGHT,
460,B39,2 BUTTON,7.89-5/16in,Hose 7.3,STRAIGHT,
461,B52,2 BUTTON,7.89-5/16in,Hose 7.3,STRAIGHT,
462,B86,2 BUTTON,7.89-5/16in,Hose 7.3,90Åã,90Åã
463,B29,2 BUTTON,7.89-5/16in,Hose 7.3,90Åã,
464,B166,2 BUTTON,7.89-5/16in,Hose 7.3,45Åã,
465,B124,2 BUTTON,7.89-5/16in,Hose 4,STRAIGHT,
466,B125,2 BUTTON,7.89-5/16in,Hose 4,90Åã,
467,B116,2 BUTTON END CAP,7.89-5/16in,,STRAIGHT,
468,B53,1 BUTTON,7.89-5/16in,Tube 6x8 or 5/16in,STRAIGHT,
469,B54,1 BUTTON,7.89-5/16in,Tube 6x8 or 5/16in,90Åã,
470,B84,1 BUTTON,7.89-5/16in,Tube 6x8 or 5/16in,45Åã,
471,B92,1 BUTTON,7.89-5/16in,Tube 2.5x5,90Åã,
472,B27,1 BUTTON,7.89-5/16in,Tube 10x12,90Åã,
473,B30,1 BUTTON,7.89-5/16in,Hose 7.5,STRAIGHT,
474,B78,1 BUTTON,7.89-5/16in,Hose 7.5,STRAIGHT,
475,B31,1 BUTTON,7.89-5/16in,Hose 7.5,90Åã,
476,B79,1 BUTTON,7.89-5/16in,Hose 7.5,90Åã,
477,B56,1 BUTTON,7.89-5/16in,Hose 7.5,65Åã,
478,B80,1 BUTTON,7.89-5/16in,Hose 7.5,65Åã,
479,B75,1 BUTTON,7.89-5/16in,Hose 5.5,STRAIGHT,
480,B76,1 BUTTON,7.89-5/16in,Hose 5.5,90Åã,
481,B77,1 BUTTON,7.89-5/16in,Hose 5.5,65Åã,
482,B60,1 BUTTON SINGLE O-RING,7.89-5/16in,,STRAIGHT,
483,B117,1 BUTTON SINGLE O-RING,7.89-5/16in,,,
484,B139,END PIECE,7.89-5/16in,Tube 9x12,3 WAY,
485,B83,END PIECE BIG SHOULDER,7.89-5/16in,Tube 8x10 or 3/8in,STRAIGHT,
486,B69,END PIECE,7.89-5/16in,Tube 6x8 or 5/16in,STRAIGHT,
487,B121,END PIECE,7.89-5/16in,Tube 6x8 or 5/16in,STRAIGHT,
488,B152,END PIECE,7.89-5/16in,Tube 6x8 or 5/16in,STRAIGHT,
489,B156,END PIECE,7.89-5/16in,Tube 6x8 or 5/16in,STRAIGHT,
490,B158,END PIECE FRICTION WELDING,7.89-5/16in,Tube 6x8 or 5/16in,STRAIGHT,
491,B48A,END PIECE,7.89-5/16in,Tube 6x8 or 5/16in,STRAIGHT,
492,B50,END PIECE BIG SHOULDER,7.89-5/16in,Tube 6x8 or 5/16in,STRAIGHT,
493,B129,END PIECE,7.89-5/16in,Tube 6x8 or 5/16in,90Åã,
494,B153,END PIECE,7.89-5/16in,Tube 6x8 or 5/16in,90Åã,
495,B150,END PIECE,7.89-5/16in,Tube 6x8 or 5/16in,110Åã,
496,B123,END PIECE,7.89-5/16in,Tube 2.5x5,90Åã,
497,B171,END PIECE,7.89-5/16in,Tube 10x12,3 WAY,
498,B49,END PIECE BIG SHOULDER,7.89-5/16in,Hose 7.5,STRAIGHT,
499,AA4,P2L LONG VERSION,6.30-1/4in /6.35,Tube 6x8 or 5/16in,STRAIGHT,
500,AA7,P2L LONG VERSION,6.30-1/4in /6.35,Tube 6x8 or 5/16in,90Åã,90Åã
501,AA6,P2L LONG VERSION,6.30-1/4in /6.35,Tube 6x8 or 5/16in,90Åã,270Åã
502,AA1,2 BUTTON LONG VERSION,6.30-1/4in /6.35,Tube 6x8 or 5/16in,STRAIGHT,
503,AA3,2 BUTTON LONG VERSION,6.30-1/4in /6.35,Tube 6x8 or 5/16in,90Åã,
504,AA2,2 BUTTON LONG VERSION,6.30-1/4in /6.35,Hose 5.5,STRAIGHT,
505,A48,SELFY,6.30-1/4in,Tube 6x8 or 5/16in,STRAIGHT,
506,A49,SELFY,6.30-1/4in,Tube 6x8 or 5/16in,90Åã,
507,A45,P2L,6.30-1/4in,Tube 4.5x6,STRAIGHT,
508,A46,P2L,6.30-1/4in,Tube 4.5x6,90Åã,270Åã
509,A44,P2L,6.30-1/4in,Tube 2.5x4,STRAIGHT,
510,A43,P2L,6.30-1/4in,Tube 2.5x4,90Åã,
511,A40,P2L,6.30-1/4in,Hose 4,STRAIGHT,
512,A41,P2L,6.30-1/4in,Hose 4,90Åã,
513,A1,2 BUTTON,6.30-1/4in,Tube 6x8 or 5/16in,STRAIGHT,
514,A42,2 BUTTON,6.30-1/4in,Tube 6x8 or 5/16in,STRAIGHT,
515,A5,2 BUTTON,6.30-1/4in,Tube 6x8 or 5/16in,STRAIGHT,
516,A3,2 BUTTON,6.30-1/4in,Tube 6x8 or 5/16in,90Åã,
517,A47,2 BUTTON,6.30-1/4in,Tube 6x8 or 5/16in,90Åã,90Åã
518,A6,2 BUTTON SINGLE O-RING,6.30-1/4in,Tube 6x8 or 5/16in,90Åã,
519,A39,2 BUTTON REDUCED ORIFICE,6.30-1/4in,Tube 4x6 or 1/4in,90Åã,
520,A0,2 BUTTON,6.30-1/4in,Tube 3.35x4.5,STRAIGHT,
521,A13,2 BUTTON,6.30-1/4in,Tube 3.35x4.5,STRAIGHT,
522,A14,2 BUTTON,6.30-1/4in,Tube 3.35x4.5,90Åã,
523,A17,2 BUTTON,6.30-1/4in,Tube 3.35x4.5,90Åã,
524,A32,2 BUTTON,6.30-1/4in,Tube 2.5x5,90Åã,
525,A28,2 BUTTON,6.30-1/4in,Hose 5.5,STRAIGHT,
526,A30,2 BUTTON,6.30-1/4in,Hose 5.5,STRAIGHT,
527,A29,2 BUTTON,6.30-1/4in,Hose 5.5,90Åã,
528,A31,2 BUTTON,6.30-1/4in,Hose 5.5,90Åã,
529,A35,2 BUTTON,6.30-1/4in,Hose 4,STRAIGHT,
530,A36,2 BUTTON,6.30-1/4in,Hose 4,90Åã,
531,A20,2 BUTTON,6.30-1/4in,Hose 3.2,STRAIGHT,
532,A33,2 BUTTON,6.30-1/4in,Hose 3.2,STRAIGHT,
533,A21,2 BUTTON,6.30-1/4in,Hose 3.2,90Åã,
534,A34,2 BUTTON,6.30-1/4in,Hose 3.2,90Åã,
535,A23,2 BUTTON END CAP,6.30-1/4in,,STRAIGHT,
536,ZB3,FLAGLOCK SINGLE O-RING,6.20,Hose 4,3 WAY,
537,ZB4,FLAGLOCK SINGLE O-RING,6.20,Hose 4,,
538,O3,2 BUTTON,37.00,Hose 27,STRAIGHT,
539,XO2,P2L,34.00,Tube 37x43,STRAIGHT,
540,XN2,2 BUTTON,28.50-1 1/8in,Tube 32x35,STRAIGHT,
541,XM4,2 BUTTON,25.50-1in,Hose 25,STRAIGHT,
542,XM2,2 BUTTON,25.50-1in,Hose 25,STRAIGHT,
543,XM3,2 BUTTON,25.50-1in,Hose 25,45Åã,
544,XM5,2 BUTTON WITH MALE END FORM,25.50-1in,Hose 25,3 WAY,90Åã
545,XM6,END PIECE,25.50-1in,Hose 25,STRAIGHT,
546,X9,P2L,24.00,Tube 20x23,90Åã,270Åã
547,X1,2 BUTTON,24.00,Tube 21x25,STRAIGHT,
548,X2,2 BUTTON,24.00,Tube 21x25,30Åã,
549,X3,2 BUTTON,24.00,Hose 22,90Åã,
550,X5,2 BUTTON,24.00,Hose 22,30Åã,
551,X6,2 BUTTON,24.00,Hose 22,30Åã,
552,X7,END PIECE,24.00,Tube 21x25,STRAIGHT,
553,NA1,2 BUTTON,22.00,Hose 21,STRAIGHT,
554,N1,2 BUTTON,20.00,Hose 18,STRAIGHT,
555,N5,2 BUTTON,20.00,Hose 18,90Åã,
556,M5,2 BUTTON,18.90,Tube 16.5x18.5,STRAIGHT,
557,M2,2 BUTTON,18.90,Tube 16.5x18.5,90Åã,
558,M3,2 BUTTON SINGLE O-RING,18.90,Tube 16x18 or 3/4in,STRAIGHT,
559,M6,2 BUTTON SHORT SINGLE O-RING,18.90,Tube 16x18 or 3/4in,45Åã,
560,M9,2 BUTTON SHORT SINGLE O-RING,18.90,Tube 14x16 or 5/8in,STRAIGHT,
561,M10,2 BUTTON SHORT SINGLE O-RING,18.90,Tube 14x16 or 5/8in,45Åã,
562,M11,2 BUTTON SHORT SINGLE O-RING,18.90,Hose 14.3,STRAIGHT,
563,L26,SELFY,18.00,Tube 16.5x18.5,STRAIGHT,
564,L30,SELFY,18.00,Tube 15x18,STRAIGHT,
565,L27,SELFY,18.00,Tube 15x18,55Åã,
566,L28,SELFY,18.00,Hose 19,STRAIGHT,
567,L29,SELFY,18.00,Hose 19,45Åã,
568,YC14,2 BUTTON COMPACT LASER WELDING,18.00,Tube 16x20,STRAIGHT,
569,YC5,2 BUTTON COMPACT,18.00,Tube 15x18,STRAIGHT,
570,YC6,2 BUTTON COMPACT TEMPERATURE SENSOR,18.00,Tube 15x18,STRAIGHT,
571,YC7,2 BUTTON COMPACT TEMPERATURE SENSOR,18.00,Tube 15x18,STRAIGHT,
572,YC10,2 BUTTON COMPACT TEMPERATURE SENSOR,18.00,Tube 15x18,90Åã,0 or 90Åã
573,YC9,2 BUTTON COMPACT,18.00,Tube 15x18,90Åã,0 or 90Åã
574,YC8,2 BUTTON COMPACT,18.00,Tube 15x18,65Åã,0 or 90Åã
575,YC11,2 BUTTON COMPACT,18.00,Tube 15x18,3 WAY,0 or 90Åã
576,YC12,2 BUTTON COMPACT,18.00,Tube 15x18,3 WAY,0 or 90Åã
577,YC13,2 BUTTON COMPACT,18.00,Tube 15x18,3 WAY,0 or 90Åã
578,YC4,2 BUTTON COMPACT LASER WELDING,18.00,Tube 14x16 or 5/8in,3 WAY,0 or 90Åã
579,YC1,2 BUTTON COMPACT LASER WELDING,18.00,Tube 14x16.5,STRAIGHT,
580,YC2,2 BUTTON COMPACT LASER WELDING,18.00,Tube 14x16.5,90Åã,0 or 90Åã
581,YC3,2 BUTTON COMPACT LASER WELDING,18.00,Tube 14x16.5,3 WAY,0 or 90Åã
582,L12,2 BUTTON SINGLE O-RING,18.00,Tube 15x18,STRAIGHT,
583,L18,2 BUTTON,18.00,Tube 15x18,STRAIGHT,
584,L6,2 BUTTON,18.00,Tube 15x18,STRAIGHT,
585,L19,2 BUTTON,18.00,Tube 15x18,90Åã,
586,L7,2 BUTTON,18.00,Tube 15x18,90Åã,
587,L20,2 BUTTON,18.00,Tube 15x18,55Åã,
588,L4,2 BUTTON,18.00,Tube 15x18,55Åã,
589,L5,2 BUTTON,18.00,Tube 15x18,35Åã,
590,L21,2 BUTTON,18.00,Tube 15x18,35Åã,
591,L2,2 BUTTON,18.00,Hose 16,STRAIGHT,
592,L25,2 BUTTON BLEED SCREW,18.00,Hose 16,90Åã,
593,L3,2 BUTTON SINGLE O-RING,18.00,Hose 16,90Åã,
594,L17,2 BUTTON,18.00,Hose 16,45Åã,
595,L22,2 BUTTON,18.00,Hose 16,3 WAY,
596,L23,2 BUTTON END CAP,18.00,,STRAIGHT,
597,L24,2 BUTTON END CAP,18.00,,STRAIGHT,
598,L14,END PIECE BIG SHOULDER,18.00,Tube 15x18,STRAIGHT,
599,L15,END PIECE,18.00,Tube 15x18,STRAIGHT,
600,L9,END PIECE BIG SHOULDER,18.00,Hose 16,STRAIGHT,
601,K1,2 BUTTON SINGLE O-RING,17.50,Tube 14x16 or 5/8in,STRAIGHT,
602,K2,2 BUTTON SINGLE O-RING,17.50,Tube 14x16 or 5/8in,90Åã,
603,K3,2 BUTTON SINGLE O-RING,17.50,Tube 14x16 or 5/8in,3 WAY,
604,K5,2 BUTTON REDUCED ORIFICE,17.50,Tube 14x16 or 5/8in,3 WAY,
605,K6,2 BUTTON SINGLE O-RING,17.50,Hose 17.5,60Åã,
606,K4,2 BUTTON SINGLE O-RING,17.50,Hose 15,90Åã,
607,J36,2 BUTTON,16.00,Tube 16x18 or 3/4in,STRAIGHT,
608,J20,2 BUTTON,16.00,Tube 14x16 or 5/8in,STRAIGHT,
609,J7,2 BUTTON,16.00,Tube 14x16 or 5/8in,STRAIGHT,
610,J9,2 BUTTON,16.00,Tube 14x16 or 5/8in,STRAIGHT,
611,J25,2 BUTTON,16.00,Tube 14x16 or 5/8in,90Åã,
612,J29,2 BUTTON,16.00,Tube 14x16 or 5/8in,90Åã,
613,J8,2 BUTTON,16.00,Tube 14x16 or 5/8in,90Åã,
614,J30,2 BUTTON,16.00,Tube 14x16 or 5/8in,45Åã,
615,J33,2 BUTTON,16.00,Tube 14x16 or 5/8in,45Åã,
616,J19,2 BUTTON SHUT OFF VALVE,16.00,Tube 10x12.5,STRAIGHT,
617,J28,2 BUTTON ONE WAY VALVE,16.00,Tube 10x12.5,STRAIGHT,
618,J37,2 BUTTON SHUT OFF VALVE,16.00,Tube 10x12.5,STRAIGHT,
619,J4,2 BUTTON,16.00,Hose 16,STRAIGHT,
620,J21,2 BUTTON,16.00,Hose 14.3,STRAIGHT,
621,J23,2 BUTTON,16.00,Hose 14.3,STRAIGHT,
622,J22,2 BUTTON,16.00,Hose 14.3,90Åã,
623,J24,2 BUTTON,16.00,Hose 14.3,90Åã,
624,J32,2 BUTTON,16.00,Hose 14.3,45Åã,
625,J27,2 BUTTON END CAP,16.00,,STRAIGHT,
626,J35,2 BUTTON END CAP,16.00,,STRAIGHT,
627,J10,END PIECE BIG SHOULDER,16.00,Tube 9x12,STRAIGHT,
628,J11,END PIECE BIG SHOULDER,16.00,Tube 12x14 or 1/2in,STRAIGHT,
629,I62,SELFY,15.82-5/8in,Tube 14x16 or 5/8in,STRAIGHT,
630,I59,SELFY,15.82-5/8in,Tube 14x16 or 5/8in,90Åã,
631,I74,SELFY,15.82-5/8in,Tube 14x16 or 5/8in,90Åã,90Åã
632,I65,SELFY,15.82-5/8in,Tube 14x16 or 5/8in,90Åã,270Åã
633,I61,SELFY,15.82-5/8in,Tube 14x16 or 5/8in,45Åã,
634,I60,SELFY,15.82-5/8in,Tube 14x16 or 5/8in,3 WAY,
635,I36,P2L,15.82-5/8in,Tube 14x16 or 5/8in,STRAIGHT,
636,I50,P2L SINGLE O-RING,15.82-5/8in,Tube 14x16 or 5/8in,STRAIGHT,
637,I37,P2L,15.82-5/8in,Tube 14x16 or 5/8in,90Åã,270Åã
638,I58,P2L TEMPERATURE SENSOR,15.82-5/8in,Tube 14x16 or 5/8in,90Åã,270Åã
639,I66,P2L SINGLE O-RING,15.82-5/8in,Tube 14x16 or 5/8in,90Åã,270Åã
640,I75,P2L,15.82-5/8in,Hose 15.82-5/8in,STRAIGHT,
641,I76,P2L,15.82-5/8in,Hose 15.82-5/8in,90Åã,
642,I48,P2L,15.82-5/8in,Hose 15.82-5/8in,90Åã,270Åã
643,I77,P2L,15.82-5/8in,Hose 15.82-5/8in,3 WAY,270Åã
644,I56,P2L SINGLE O-RING,15.82-5/8in,Hose 13,STRAIGHT,
645,I57,P2L SINGLE O-RING,15.82-5/8in,Hose 13,88Åã,270Åã
646,I49,P2L CARTRIDGE,15.82-5/8in,,,
647,I64,CLICK P2L,15.82-5/8in,Tube 14x16 or 5/8in,STRAIGHT,
648,I63,CLICK P2L,15.82-5/8in,Tube 14x16 or 5/8in,90Åã,270Åã
649,I40,2 BUTTON,15.82-5/8in,Tube 8x10 or 3/8in,STRAIGHT,
650,I73,2 BUTTON,15.82-5/8in,Tube 8x10 or 3/8in,STRAIGHT,
651,I53,2 BUTTON,15.82-5/8in,Tube 16x18 or 3/4in,STRAIGHT,
652,I43,2 BUTTON,15.82-5/8in,Tube 16x18 or 3/4in,90Åã,
653,I1,2 BUTTON SINGLE O-RING,15.82-5/8in,Tube 14x16 or 5/8in,STRAIGHT,
654,I29,2 BUTTON,15.82-5/8in,Tube 14x16 or 5/8in,STRAIGHT,
655,I30,2 BUTTON,15.82-5/8in,Tube 14x16 or 5/8in,STRAIGHT,
656,I32,2 BUTTON,15.82-5/8in,Tube 14x16 or 5/8in,STRAIGHT,
657,I9,2 BUTTON,15.82-5/8in,Tube 14x16 or 5/8in,STRAIGHT,
658,I47,2 BUTTON,15.82-5/8in,Tube 14x16 or 5/8in,90Åã,90Åã
659,I10,2 BUTTON,15.82-5/8in,Tube 14x16 or 5/8in,90Åã,
660,I2,2 BUTTON SINGLE O-RING,15.82-5/8in,Tube 14x16 or 5/8in,90Åã,
661,I31,2 BUTTON,15.82-5/8in,Tube 14x16 or 5/8in,90Åã,
662,I33,2 BUTTON,15.82-5/8in,Tube 14x16 or 5/8in,90Åã,
663,I35,2 BUTTON,15.82-5/8in,Tube 14x16 or 5/8in,45Åã,
664,I38,2 BUTTON,15.82-5/8in,Tube 14x16 or 5/8in,45Åã,
665,I39,2 BUTTON,15.82-5/8in,Tube 14x16 or 5/8in,45Åã,
666,I72,2 BUTTON,15.82-5/8in,Tube 14x16 or 5/8in,3 WAY,
667,I51,2 BUTTON,15.82-5/8in,Tube 12x14 or 1/2in,30Åã,
668,I42,2 BUTTON,15.82-5/8in,Tube 10x12,STRAIGHT,
669,I6,2 BUTTON,15.82-5/8in,Hose 16,STRAIGHT,
670,I15,2 BUTTON,15.82-5/8in,Hose 14.3,STRAIGHT,
671,I17,2 BUTTON,15.82-5/8in,Hose 14.3,STRAIGHT,
672,I19,2 BUTTON,15.82-5/8in,Hose 14.3,STRAIGHT,
673,I16,2 BUTTON,15.82-5/8in,Hose 14.3,90Åã,
674,I18,2 BUTTON,15.82-5/8in,Hose 14.3,90Åã,
675,I20,2 BUTTON,15.82-5/8in,Hose 14.3,90Åã,
676,I68,2 BUTTON,15.82-5/8in,Hose 14.3,45Åã,
677,I55,2 BUTTON,15.82-5/8in,Hose 14.3,45Åã,
678,I34,2 BUTTON END CAP,15.82-5/8in,,STRAIGHT,
679,I67,2 BUTTON END CAP,15.82-5/8in,,STRAIGHT,
680,I52,END PIECE,15.82-5/8in,Tube 14x16 or 5/8in,STRAIGHT,
681,I70,END PIECE,15.82-5/8in,Tube 14x16 or 5/8in,STRAIGHT,
682,I69,END PIECE,15.82-5/8in,Tube 14x16 or 5/8in,90Åã,
683,I24,END PIECE LONG VERSION,15.82-5/8in,Tube 12x14 or 1/2in,STRAIGHT,
684,I71,END PIECE,15.82-5/8in,Tube 12x14 or 1/2in,STRAIGHT,
685,IS3,2 BUTTON,15.75,Hose 15,90Åã,
686,IS1,2 BUTTON,15.75,,STRAIGHT,
687,IS2,2 BUTTON,15.75,,45Åã,
688,YA13,2 BUTTON COMPACT,14.00,Tube 15x18,STRAIGHT,
689,YA14,2 BUTTON COMPACT,14.00,Tube 15x18,90Åã,0 or 90Åã
690,YA15,2 BUTTON COMPACT,14.00,Tube 15x18,3 WAY,0 or 90Åã
691,YA11,2 BUTTON COMPACT LASER WELDING,14.00,Tube 14x16.5,STRAIGHT,
692,YA12,2 BUTTON COMPACT LASER WELDING,14.00,Tube 14x16.5,3 WAY,0 or 90Åã
693,YA1,2 BUTTON COMPACT,14.00,Tube 12x14 or 1/2in,STRAIGHT,
694,YA2,2 BUTTON COMPACT,14.00,Tube 12x14 or 1/2in,90Åã,0 or 90Åã
695,YA3,2 BUTTON COMPACT,14.00,Tube 12x14 or 1/2in,3 WAY,0 or 90Åã
696,YA8,2 BUTTON COMPACT LASER WELDING,14.00,Tube 10x12,STRAIGHT,
697,YA9,2 BUTTON COMPACT LASER WELDING,14.00,Tube 10x12,90Åã,0 or 90Åã
698,YA10,2 BUTTON COMPACT LASER WELDING,14.00,Tube 10x12,3 WAY,0 or 90Åã
699,UA1,2 BUTTON SHORT SINGLE O-RING,13.00,Tube 10x12,90Åã,
700,U22,SELFY,12.61-1/2in,Tube 12x14 or 1/2in,STRAIGHT,
701,U15,P2L,12.61-1/2in,Tube 12x14 or 1/2in,STRAIGHT,
702,U16,P2L,12.61-1/2in,Tube 12x14 or 1/2in,90Åã,270Åã
703,U21,CLICK P2L,12.61-1/2in,Tube 12x14 or 1/2in,STRAIGHT,270Åã
704,U20,CLICK P2L,12.61-1/2in,Tube 12x14 or 1/2in,90Åã,270Åã
705,U11,2 BUTTON,12.61-1/2in,Tube 9x12,STRAIGHT,
706,U26,2 BUTTON ONE WAY VALVE,12.61-1/2in,Tube 9x12,STRAIGHT,
707,U12,2 BUTTON,12.61-1/2in,Tube 9x12,45Åã,
708,U23,2 BUTTON,12.61-1/2in,Tube 8x10 or 3/8in,90Åã,
709,U10,2 BUTTON,12.61-1/2in,Tube 6x8 or 5/16in,STRAIGHT,
710,U3,2 BUTTON SINGLE O-RING,12.61-1/2in,Tube 14x16 or 5/8in,STRAIGHT,
711,U7,2 BUTTON,12.61-1/2in,Tube 12x14 or 1/2in,STRAIGHT,
712,U8,2 BUTTON,12.61-1/2in,Tube 12x14 or 1/2in,90Åã,
713,U24,END PIECE,12.61-1/2in,Tube 12x14 or 1/2in,STRAIGHT,
714,U25,END PIECE,12.61-1/2in,Tube 12x14 or 1/2in,STRAIGHT,
715,H76,SELFY SHUT OFF VALVE,11.80,Tube 10x12,STRAIGHT,
716,H77,SELFY,11.80,Tube 10x12,STRAIGHT,
717,H78,SELFY,11.80,Tube 10x12,90Åã,
718,H80,SELFY,11.80,Tube 10x12,90Åã,
719,H79,SELFY,11.80,Hose 12,STRAIGHT,
720,H42,P2L,11.80,Tube 8x10 or 3/8in,90Åã,270Åã
721,H43,P2L,11.80,Tube 6x8 or 5/16in,90Åã,270Åã
722,H51,P2L,11.80,Tube 12x14 or 1/2in,STRAIGHT,
723,H53,P2L,11.80,Tube 12x14 or 1/2in,90Åã,270Åã
724,H34,P2L,11.80,Tube 10x12,STRAIGHT,
725,H69,P2L,11.80,Tube 10x12,STRAIGHT,
726,H35,P2L,11.80,Tube 10x12,90Åã,270Åã
727,H70,P2L,11.80,Tube 10x12,90Åã,270Åã
728,H81,P2L,11.80,Hose 12,STRAIGHT,
729,H19,2 BUTTON,11.80,Tube 9x12,STRAIGHT,
730,H20,2 BUTTON,11.80,Tube 9x12,90Åã,
731,H56,2 BUTTON TAP,11.80,Tube 9x12,90Åã,
732,H21,2 BUTTON,11.80,Tube 9x12,45Åã,
733,H60,2 BUTTON SHUT OFF VALVE,11.80,Tube 8x10 or 3/8in,STRAIGHT,
734,H64,2 BUTTON,11.80,Tube 8x10 or 3/8in,STRAIGHT,
735,H52,2 BUTTON,11.80,Tube 8x10 or 3/8in,90Åã,
736,H2,2 BUTTON,11.80,Tube 6x8 or 5/16in,90Åã,
737,H39,2 BUTTON SINGLE O-RING,11.80,Tube 6x8 or 5/16in,90Åã,
738,H50,2 BUTTON,11.80,Tube 6x8 or 5/16in,45Åã,
739,H44,2 BUTTON,11.80,Tube 12x14 or 1/2in,STRAIGHT,
740,H67,2 BUTTON,11.80,Tube 12x14 or 1/2in,STRAIGHT,
741,H28,2 BUTTON,11.80,Tube 12x14 or 1/2in,90Åã,
742,H68,2 BUTTON,11.80,Tube 12x14 or 1/2in,90Åã,
743,H16,2 BUTTON,11.80,Tube 10x12,STRAIGHT,
744,H25,2 BUTTON SINGLE O-RING,11.80,Tube 10x12,STRAIGHT,
745,H5,2 BUTTON,11.80,Tube 10x12,STRAIGHT,
746,H66,2 BUTTON,11.80,Tube 10x12,90Åã,
747,H26,2 BUTTON SINGLE O-RING,11.80,Tube 10x12,90Åã,
748,H6,2 BUTTON,11.80,Tube 10x12,90Åã,
749,H65,2 BUTTON,11.80,Tube 10x12,45Åã,
750,H40,2 BUTTON SINGLE O-RING,11.80,Tube 10x12,45Åã,
751,H61,2 BUTTON,11.80,Hose 9.3,STRAIGHT,
752,H62,2 BUTTON,11.80,Hose 9.3,90Åã,
753,H75,2 BUTTON,11.80,Hose 8.5,90Åã,90Åã
754,H29,2 BUTTON SHUT OFF VALVE,11.80,Hose 11.3,STRAIGHT,
755,H73,2 BUTTON,11.80,Hose 11.3,45Åã,
756,H14,2 BUTTON REINFORCED WITH METAL INSERT,11.80,Hose 10,STRAIGHT,
757,H71,2 BUTTON,11.80,Hose 10,STRAIGHT,
758,H8,2 BUTTON,11.80,Hose 10,STRAIGHT,
759,H22,2 BUTTON,11.80,Hose 10,90Åã,
760,H72,2 BUTTON,11.80,Hose 10,90Åã,
761,H41,2 BUTTON CARTRIDGE,11.80,,STRAIGHT,
762,H63,2 BUTTON CARTRIDGE,11.80,,STRAIGHT,
763,H74,END PIECE,11.80,Tube 9x12,STRAIGHT,
764,H10,END PIECE,11.80,Tube 10x12,STRAIGHT,
765,H58,END PIECE THREADED,11.80,M14x1.5,STRAIGHT,
766,G72,SELFY,10.00,Tube 8x10 or 3/8in,STRAIGHT,
767,G73,SELFY,10.00,Tube 8x10 or 3/8in,90Åã,
768,G74,SELFY,10.00,Tube 6x8 or 5/16in,STRAIGHT,
769,YT1,2 BUTTON COMPACT LASER WELDING,10.00,Tube 10x12,STRAIGHT,
770,YT2,2 BUTTON COMPACT LASER WELDING,10.00,Tube 10x12,90Åã,0 or 90Åã
771,G41,2 BUTTON,10.00,Tube 9x12,STRAIGHT,
772,G42,2 BUTTON,10.00,Tube 9x12,90Åã,
773,G43,2 BUTTON,10.00,Tube 9x12,45Åã,
774,G14,2 BUTTON,10.00,Tube 8x10 or 3/8in,STRAIGHT,
775,G3,2 BUTTON,10.00,Tube 8x10 or 3/8in,STRAIGHT,
776,G46,2 BUTTON,10.00,Tube 8x10 or 3/8in,STRAIGHT,
777,G56,2 BUTTON,10.00,Tube 8x10 or 3/8in,STRAIGHT,
778,G4,2 BUTTON,10.00,Tube 8x10 or 3/8in,90Åã,
779,G25,2 BUTTON,10.00,Tube 8x10 or 3/8in,90Åã,
780,G35,2 BUTTON,10.00,Tube 8x10 or 3/8in,90Åã,
781,G31,2 BUTTON,10.00,Tube 8x10 or 3/8in,55Åã,
782,G53,2 BUTTON,10.00,Tube 8x10 or 3/8in,55Åã,
783,G60,2 BUTTON,10.00,Tube 8x10 or 3/8in,3 WAY,
784,G71,2 BUTTON ANTI TWIST WITH MALE END FORM,10.00,Tube 8x10 or 3/8in,3 WAY,
785,G26,2 BUTTON,10.00,Tube 8x10 or 3/8in,30Åã,
786,G57,2 BUTTON,10.00,Tube 8x10 or 3/8in,30Åã,
787,G1,2 BUTTON,10.00,Tube 6x8 or 5/16in,STRAIGHT,
788,G55,2 BUTTON,10.00,Tube 6x8 or 5/16in,STRAIGHT,
789,G2,2 BUTTON,10.00,Tube 6x8 or 5/16in,90Åã,
790,G45,2 BUTTON,10.00,Tube 6x8 or 5/16in,90Åã,
791,G7,2 BUTTON SINGLE O-RING,10.00,Tube 6x8 or 5/16in,90Åã,
792,G27,2 BUTTON,10.00,Tube 6x8 or 5/16in,45Åã,
793,G5,2 BUTTON,10.00,Tube 10x12,STRAIGHT,
794,G81,2 BUTTON SINGLE O-RING,10.00,Tube 10x12,STRAIGHT,
795,G6,2 BUTTON,10.00,Tube 10x12,90Åã,
796,G82,2 BUTTON SINGLE O-RING,10.00,Tube 10x12,90Åã,
797,G40,2 BUTTON,10.00,Hose 9.5,45Åã,
798,G11,2 BUTTON,10.00,Hose 9.3,STRAIGHT,
799,G22,2 BUTTON,10.00,Hose 9.3,STRAIGHT,
800,G75,2 BUTTON SHORT SINGLE O-RING,10.00,Hose 9.3,STRAIGHT,
801,G77,2 BUTTON SHORT SINGLE O-RING,10.00,Hose 9.3,STRAIGHT,
802,G79,2 BUTTON SHORT SINGLE O-RING,10.00,Hose 9.3,STRAIGHT,
803,G8,2 BUTTON,10.00,Hose 9.3,STRAIGHT,
804,G10,2 BUTTON,10.00,Hose 9.3,90Åã,
805,G23,2 BUTTON,10.00,Hose 9.3,90Åã,
806,G76,2 BUTTON SHORT SINGLE O-RING,10.00,Hose 9.3,90Åã,
807,G78,2 BUTTON SHORT SINGLE O-RING,10.00,Hose 9.3,90Åã,
808,G80,2 BUTTON SHORT SINGLE O-RING,10.00,Hose 9.3,90Åã,
809,G9,2 BUTTON,10.00,Hose 9.3,90Åã,
810,G17,2 BUTTON,10.00,Hose 7.5,STRAIGHT,
811,G18,2 BUTTON,10.00,Hose 7.5,90Åã,
812,G44,2 BUTTON END CAP,10.00,,STRAIGHT,
813,G47,2 BUTTON CARTRIDGE,10.00,,,
814,G49,2 BUTTON END CAP,10.00,,,
815,G69,1 BUTTON,10.00,Tube 6x8 or 5/16in,90Åã,
816,G50,END PIECE,10.00,Tube 9x12,STRAIGHT,
817,G34,END PIECE,10.00,Tube 8x10 or 3/8in,STRAIGHT,
818,G70,END PIECE,10.00,Tube 8x10 or 3/8in,STRAIGHT,
819,G61,END PIECE,10.00,Tube 6x8 or 5/16in,STRAIGHT,
820,E5,Line ,,,,
821,B15,Line ,,,,
822,S28,ADAPTOR,,Tube 9x12,STRAIGHT,
823,S35,ADAPTOR,,Tube 9x12,3 WAY,
824,S38,ADAPTOR,,Tube 8x10 or 3/8in,3 WAY,
825,S4,ADAPTOR,,Tube 8x10 or 3/8in,3 WAY,
826,S18,ADAPTOR,,Tube 6x8 or 5/16in,STRAIGHT,
827,S19,ADAPTOR,,Tube 6x8 or 5/16in,STRAIGHT,
828,S2,ADAPTOR,,Tube 6x8 or 5/16in,3 WAY,
829,S27,ADAPTOR,,Tube 6x8 or 5/16in,3 WAY,
830,S11,ADAPTOR,,Tube 6x8 or 5/16in,30Åã,
831,ZB5,Line ,,,,
832,B46,Line ,,,,
833,S21,ADAPTOR,,Tube 3.35x4.5,3 WAY,
834,S41,ADAPTOR,,Tube 16.5x18.5,3 WAY,
835,S29,ADAPTOR,,Tube 14x16 or 5/8in,STRAIGHT,
836,S7,ADAPTOR,,Tube 14x16 or 5/8in,90Åã,
837,S22,ADAPTOR,,Tube 14x16 or 5/8in,4 WAY,
838,S14,ADAPTOR,,Tube 14x16 or 5/8in,3 WAY,
839,S39,ADAPTOR,,Tube 14x16 or 5/8in,3 WAY,
840,S40,ADAPTOR,,Tube 14x16 or 5/8in,3 WAY,
841,S31,ADAPTOR,,Hose 7.5,90Åã,
842,S12,ADAPTOR,,Hose 7.5,3 WAY,
843,S5,ADAPTOR,,Hose 7.5,3 WAY,
844,S36,ADAPTOR,,Hose 5.5,3 WAY,
